kMaxTreeDepth	Mean_Timing_(s)	StDev_Timing_(s)	Mean_Heapsize_(bytes)	StDev_Heapsize_(bytes)	Mean_GC_Iters	StDev_GC_Iters
14	17.173567	0.137604	203636736.000000	0.000000	2374.000000	2.449490
15	17.205900	0.013965	203636736.000000	0.000000	2374.000000	0.000000
16	20.071100	0.144457	203636736.000000	0.000000	2677.000000	2.449490
17	20.091967	0.015848	203636736.000000	0.000000	2676.000000	1.000000
18	23.151400	0.019626	203636736.000000	0.000000	2886.000000	1.732051
19	23.139933	0.018630	203636736.000000	0.000000	2886.000000	2.449490
