kMaxTreeDepth	Mean_Timing_(s)	StDev_Timing_(s)	Mean_Heapsize_(bytes)	StDev_Heapsize_(bytes)	Mean_GC_Iters	StDev_GC_Iters
14	7.595400	0.036668	203636736.000000	0.000000	1431.000000	0.000000
15	7.602267	0.019908	203636736.000000	0.000000	1431.000000	0.000000
16	9.530833	0.070614	203636736.000000	0.000000	1614.000000	0.000000
17	9.705667	0.232121	203916356.000000	1505801.219415	1614.000000	2.828427
18	11.708733	0.361707	204755217.000000	2851578.392259	1756.000000	6.000000
19	11.465333	0.157499	203916356.000000	1505801.219415	1757.000000	3.464102
