kMaxTreeDepth	Mean_Timing_(s)	StDev_Timing_(s)	Mean_Heapsize_(bytes)	StDev_Heapsize_(bytes)	Mean_GC_Iters	StDev_GC_Iters
14	13.734167	0.016004	195248128.000000	0.000000	3721.000000	0.000000
15	13.737267	0.054674	195527748.000000	1505801.219415	3720.000000	4.358899
16	16.295367	0.075057	195527748.000000	1505801.219415	4168.000000	1.414214
17	16.301333	0.021103	195248128.000000	0.000000	4168.000000	1.000000
18	19.214700	0.024318	195248128.000000	0.000000	4444.000000	5.000000
19	19.212467	0.030975	195248128.000000	0.000000	4445.000000	3.000000
