kMaxTreeDepth	Mean_Timing_(s)	StDev_Timing_(s)	Mean_Heapsize_(bytes)	StDev_Heapsize_(bytes)	Mean_GC_Iters	StDev_GC_Iters
14	4.913433	0.050582	226277239.000000	8369945.890120	259.000000	1.732051
15	4.946300	0.045500	231310404.000000	7095966.870962	258.000000	1.414214
16	5.732600	0.059984	229073442.000000	8084846.602855	287.000000	1.732051
17	5.722733	0.057562	228514201.000000	8219123.700892	288.000000	1.414214
18	6.533967	0.063100	227395720.000000	8369945.890120	309.000000	1.414214
19	6.531933	0.065986	226836480.000000	8388608.000000	309.000000	1.414214
