kMaxTreeDepth	Mean_Timing_(s)	StDev_Timing_(s)	Mean_Heapsize_(bytes)	StDev_Heapsize_(bytes)	Mean_GC_Iters	StDev_GC_Iters
14	4.390467	0.019934	210059264.000000	0.000000	929.000000	0.000000
15	4.401967	0.018665	210059264.000000	0.000000	929.000000	0.000000
16	5.119600	0.017398	210059264.000000	0.000000	1013.000000	2.236068
17	5.128867	0.014762	210059264.000000	0.000000	1013.000000	1.732051
18	5.812567	0.021808	210059264.000000	0.000000	1061.000000	3.872983
19	5.797267	0.019459	210059264.000000	0.000000	1061.000000	4.000000
