Heap Size (bytes)	Writes (pages)	Mean mprotect (us)	StDev mprotect (us)	Mean mwritewatch (us)	StDev mwritewatch (us)
2097152	512	1264.000000	10.344080	168.000000	19.798990
4194304	512	1310.000000	9.899495	371.000000	99.221973
8388608	512	1372.000000	14.106736	554.000000	205.421518
16777216	512	1500.000000	13.114877	712.000000	312.448396
33554432	512	1586.000000	21.540659	1264.000000	757.592239
67108864	512	1624.000000	32.372828	2253.000000	2211.023066
134217728	512	1688.000000	52.134442	3859.000000	7003.360622
268435456	512	1676.000000	95.545801	7284.000000	21106.258432
536870912	512	1739.000000	206.985507	16264.000000	17357.744035
