Heap Size (bytes)	Writes (pages)	Mean mprotect (us)	StDev mprotect (us)	Mean mwritewatch (us)	StDev mwritewatch (us)
4194304	1024	2577.000000	17.492856	488.000000	32.218007
8388608	1024	2686.000000	17.406895	944.000000	173.522333
16777216	1024	2990.000000	18.248288	1286.000000	330.620629
33554432	1024	3116.000000	27.129320	2018.000000	727.338298
67108864	1024	3282.000000	42.023803	3191.000000	1956.771065
134217728	1024	3352.000000	59.211485	7554.000000	8036.572093
268435456	1024	3374.000000	109.055032	10490.000000	20781.161637
536870912	1024	3484.000000	243.211842	186330748219302528.000000	1844580298531890944.000000
