Heap Size (bytes)	Writes (pages)	Mean mprotect (us)	StDev mprotect (us)	Mean mwritewatch (us)	StDev mwritewatch (us)
2097152	512	2099.000000	13.820275	313.000000	12.409674
4194304	512	2212.000000	13.000000	578.000000	125.849116
8388608	512	2307.000000	19.235384	836.000000	246.036583
16777216	512	2458.000000	17.635192	1161.000000	371.320616
33554432	512	2570.000000	20.566964	2002.000000	891.156552
67108864	512	2643.000000	32.832910	3503.000000	2498.949979
134217728	512	2725.000000	53.244718	6671.000000	8573.931129
268435456	512	2777.000000	100.448992	15470.000000	32009.159830
536870912	512	2790.000000	223.982142	35963.000000	126113.359697
