Heap Size (bytes)	Writes (pages)	Mean mprotect (us)	StDev mprotect (us)	Mean mwritewatch (us)	StDev mwritewatch (us)
268435456	65536	2411997148698232320.000000	7103895307881381888.000000	2411997148698229760.000000	7103895307881381888.000000
536870912	65536	2874962539080350720.000000	7504949667063587840.000000	12716843053700569088.000000	8771294552412568576.000000
