Heap Size (bytes)	Writes (pages)	Mean mprotect (us)	StDev mprotect (us)	Mean mwritewatch (us)	StDev mwritewatch (us)
536870912	131072	9561562344872730624.000000	9870827683949363200.000000	16386857652145262592.000000	5978297921939128320.000000
