Heap Size (bytes)	Writes (pages)	Mean mprotect (us)	StDev mprotect (us)	Mean mwritewatch (us)	StDev mwritewatch (us)
4194304	1024	4252.000000	20.248457	767.000000	24.310492
8388608	1024	4493.000000	25.099801	1299.000000	149.204558
16777216	1024	4902.000000	25.059928	2064.000000	389.932045
33554432	1024	5150.000000	28.035692	3152.000000	802.490498
67108864	1024	5316.000000	37.669616	5459.000000	2365.961749
134217728	1024	5453.000000	63.253458	10602.000000	8234.391599
268435456	1024	5569.000000	116.211015	21418.000000	31622.141752
536870912	1024	5568.000000	275.341606	48137.000000	124876.336998
