Heap Size (bytes)	Writes (pages)	Mean mprotect (us)	StDev mprotect (us)	Mean mwritewatch (us)	StDev mwritewatch (us)
8388608	2048	8647.000000	36.959437	1688.000000	48.744230
16777216	2048	9649.000000	30.463092	2969.000000	335.539864
33554432	2048	10280.000000	33.526109	5224.000000	748.067510
67108864	2048	10685.000000	42.871902	8714.000000	2412.211641
134217728	2048	10957.000000	72.463784	15712.000000	8112.564329
268435456	2048	11229.000000	131.224998	31698.000000	30827.132303
536870912	2048	11212.000000	303.512767	66925.000000	123481.652374
