Heap Size (bytes)	Writes (pages)	Mean mprotect (us)	StDev mprotect (us)	Mean mwritewatch (us)	StDev mwritewatch (us)
33554432	8192	39228.000000	44.855323	10615.000000	205.190156
67108864	8192	42174.000000	65.398777	22902.000000	1505.174408
134217728	8192	44423.000000	96.772930	44960.000000	6097.769428
268435456	8192	45956.000000	172.901706	90232.000000	25961.552188
536870912	8192	46072.000000	343.805177	185259.000000	112600.853074
