Heap Size (bytes)	Writes (pages)	Mean mprotect (us)	StDev mprotect (us)	Mean mwritewatch (us)	StDev mwritewatch (us)
67108864	16384	81235.000000	86.533231	30604.000000	414.491254
134217728	16384	87504.000000	131.632063	73685.000000	3802.177797
268435456	16384	92368.000000	192.652537	160704.000000	19504.139330
536870912	16384	93704.000000	371.262710	335895.000000	100111.535709
