Heap Size (bytes)	Writes (pages)	Mean mprotect (us)	StDev mprotect (us)	Mean mwritewatch (us)	StDev mwritewatch (us)
134217728	32768	1003781772665250048.000000	4892832488143946752.000000	590374265410628352.000000	4138464015396271616.000000
268435456	32768	1202133859479329792.000000	5204545492597467136.000000	2570079285783375872.000000	6830188186399223808.000000
536870912	32768	1003781772665265408.000000	4892832488143946752.000000	5638956854004928512.000000	8770751985039763456.000000
