Heap Size (bytes)	Writes (pages)	Mean mprotect (us)	StDev mprotect (us)	Mean mwritewatch (us)	StDev mwritewatch (us)
16777216	4096	18905.000000	29.698485	4040.000000	97.324200
33554432	4096	20250.000000	43.520110	7846.000000	671.977678
67108864	4096	21452.000000	55.695601	14392.000000	1965.905644
134217728	4096	22220.000000	80.112421	27590.000000	7128.653940
268435456	4096	22701.000000	142.270868	54289.000000	29293.913259
536870912	4096	22719.000000	338.752122	108579.000000	119834.239923
