Heap Size (bytes)	Writes (pages)	Mean mprotect (us)	StDev mprotect (us)	Mean mwritewatch (us)	StDev mwritewatch (us)
33554432	8192	188232082384805504.000000	1853871013143678720.000000	9231.000000	184.577897
67108864	8192	188232082384807680.000000	1853871013143678720.000000	188232082384798816.000000	1853871013143678720.000000
134217728	8192	188232082384808800.000000	1853871013143678720.000000	380345238633202368.000000	2621348655972474880.000000
268435456	8192	376464164769590784.000000	2608220242439453184.000000	570517857949810752.000000	3193541339773115392.000000
536870912	8192	188232082384810144.000000	1853871013143678720.000000	1190112520884535040.000000	4531813464751741952.000000
