Heap Size (bytes)	Writes (pages)	Mean mprotect (us)	StDev mprotect (us)	Mean mwritewatch (us)	StDev mwritewatch (us)
134217728	32768	168746.000000	155.054829	98962.000000	820.280440
268435456	32768	182147.000000	262.642342	261962.000000	11373.615872
536870912	32768	189766.000000	346.050574	597078.000000	75406.984431
