Heap Size (bytes)	Writes (pages)	Mean mprotect (us)	StDev mprotect (us)	Mean mwritewatch (us)	StDev mwritewatch (us)
16777216	4096	11742.000000	25.258662	3101.000000	90.636637
33554432	4096	12585.000000	41.749251	7209.000000	574.812143
67108864	4096	186330748219291584.000000	1844580298531808512.000000	10952.000000	1777.173599
134217728	4096	186330748219292000.000000	1844580298531808512.000000	188232082384802080.000000	1853871013143678976.000000
268435456	4096	186330748219292224.000000	1844580298531808512.000000	380345238633209152.000000	2621348655972474368.000000
536870912	4096	186330748219292448.000000	1844580298531808512.000000	768614336404594560.000000	3686144863798898176.000000
